"chunkId","lastUpdatedAt"
"7","1699452962830"
"47","1729408280268"
"8","1702233727527"
"54","1695592827010"
"32","1709921093173"
"56","1700945144275"
"44","1703975789356"
"39","1702148502639"
"10","1700697092036"
"31","1705834986456"
"58","1700610105127"
"3","1700002992346"
"38","1698585398979"
"2","1728294254071"
"21","1705221115158"
"40","1708459835576"
"14","1654023409816"
"55","1698571700786"
"18","1705352213926"
"25","1693768564565"
"12","1703955464827"
"9","1701028662594"
"53","1722085991409"
"52","1699633151653"
"27","1702233720368"
"4","1703863427383"
"26","1700945179756"
"13","1705221102417"
"16","1735587593446"
"45","1735587618278"
"41","1732397167761"
"17","1706023921447"
"6","1702468494502"
"46","1723620215506"
"50","1654023415351"
"36","1702722638675"
"59","1728916353166"
"20","1719356982375"
"19","1706441150741"
"33","1728294226249"
"34","1704665194591"
"35","1704532424155"
"42","1705959081083"
"1","1705260596305"
"49","1705245340166"
"37","1721392630439"
"0","1699381220907"
"51","1700417433426"
"43","1702077617645"
"5","1709648253111"
"22","1696265305807"
"29","1702077969891"
"24","1717095572611"
"23","1718147468710"
"30","1705786069906"
"15","1703946954488"
"28","1701025135043"
"11","1705361457870"
"57","1702077702927"
"48","1705173564834"